{
  "miniprogramRoot": "dist",
  "scripts": {
    "beforePreview": "./node_modules/.bin/goldfish-compile",
    "beforeCompile": "./node_modules/.bin/goldfish-compile",
    "beforeUpload": "./node_modules/.bin/goldfish-compile"
  },
  "node_modules_es6_whitelist": [
    "@goldfishjs/utils",
    "@goldfishjs/reactive",
    "@goldfishjs/bridge",
    "@goldfishjs/core",
    "@goldfishjs/composition-api",
    "@goldfishjs/plugins",
    "@goldfishjs/reactive-connect",
    "@goldfishjs/requester",
    "@goldfishjs/route"
  ]
}
